"respondent_id","canal","fecha_hora","duracion_segundos","estado","S1 - Edad","S2 - Recibió visitas en los últimos 3 meses","Q1 - Veces que recibió visitas en 3 meses","Q2 - De dónde salió el postre la última vez","Q3 - Qué hizo que el postre fuera comprado","Q4 - Qué tan conforme quedó","Q5 - Qué no la convenció","Q6 - Cuánto pagó (ARS)","Q6b - Para cuántas personas era","Q3b - Qué hizo que fuera casero","Q7 - Anticipación con que decidió el postre","Q8 - Encargó a un emprendimiento en el último año","Q9 - Lo más difícil de resolver el postre","Q10 - Dónde vive","R1 - Quién decide y consigue el postre","R2 - Aceptaría charla de 30 min","R3 - Contacto"
"r01","instagram","2026-09-28 10:12",296,"completa","30 a 44","Sí","2 o 3 veces","Lo compré en una panadería o pastelería","No tenía tiempo; Lo resolví a último momento","Más o menos","Muy dulce; Sobró mucho",28000,"5 a 8","","El día anterior","Sí, una vez","Me acuerdo tarde, siempre. Cuando quiero ver ya es viernes y queda lo que haya","CABA","Yo","Sí","Lorena Gaitán, lorena.gaitan@example.com"
"r02","instagram","2026-09-28 11:40",188,"completa","45 a 59","Sí","Más de 6 veces","Lo hice yo (o alguien de mi casa)","","","","","","Me gusta cocinar; Es una costumbre o algo que esperan de mí","2 o 3 días antes","No","","Gran Buenos Aires","Yo","No",""
"r03","wa-estados","2026-09-28 14:05",241,"completa","45 a 59","Sí","4 a 6 veces","Lo compré en un supermercado","Sale igual o más barato que hacerlo; No me gusta cocinar","Bastante conforme","Nada, estuvo bien",11000,"9 a 12","","El mismo día","No","Nada, la verdad. Voy al super y listo, nunca me parecio un problema","CABA","Yo","No",""
"r04","wa-estados","2026-09-28 16:22",305,"completa","30 a 44","Sí","2 o 3 veces","Lo encargué a un emprendimiento o a alguien que cocina","Comprado queda mejor o más lindo; No tenía tiempo","Muy conforme","Nada, estuvo bien",38000,"9 a 12","","4 días antes o más","Sí, varias veces","Que la que me lo hace me conteste rapido. Por suerte con ella nunca tuve drama","CABA","Yo","Sí","Paula Ibarra, paula.ibarra@example.com"
"r05","reenvio-hermana","2026-09-29 09:30",352,"completa","30 a 44","Sí","4 a 6 veces","Lo compré en una panadería o pastelería","No tenía tiempo; No me sale bien o no sé hacer postres","Poco conforme","Pesado o empalagoso; Sabor artificial o poco casero",22500,"5 a 8","","El mismo día","Sí, una vez","Que todas las tortas son iguales y llenas de crema. Quisiera algo mas liviano pero rico","CABA","Yo","Sí","Marina Sosa, marina.sosa@example.com"
"r06","reenvio-hermana","2026-09-29 11:15",270,"completa","30 a 44","Sí","2 o 3 veces","Lo trajo un invitado","","","","","","","2 o 3 días antes","No","Cuando alguien trae el postre me saco el problema de encima, pero no elijo yo","CABA","Lo compartimos con otra persona","Sí","Julieta Ferro, julieta.ferro@example.com"
"r07","trabajo","2026-09-29 13:48",224,"completa","30 a 44","Sí","4 a 6 veces","Lo compré en una panadería o pastelería","Lo resolví a último momento; No tenía tiempo","Más o menos","Muy dulce; Se veía común, igual a todos",19000,"5 a 8","","El día anterior","Sí, una vez","","CABA","Yo","No",""
"r08","trabajo","2026-09-29 15:02",167,"completa","18 a 29","Sí","1 vez","Lo hice yo (o alguien de mi casa)","","","","","","Sale más barato; Me gusta cocinar","El día anterior","No","Es lo mas barato y me sale rico","CABA","Yo","No",""
"r09","reenvio-hermana","2026-09-29 17:40",22,"descalificada","Menos de 18","Sí","","","","","","","","","","","","","","",""
"r10","reenvio-esposo","2026-09-30 10:05",330,"completa","45 a 59","Sí","Más de 6 veces","Lo compré en una panadería o pastelería","No me gusta cocinar; Comprado queda mejor o más lindo","Bastante conforme","Nada, estuvo bien",26000,"9 a 12","","El día anterior","No","Elegir cual comprar, nada mas. Mi mujer decide","Gran Buenos Aires","Lo compartimos con otra persona","Sí","Raúl Bianchi, raul.bianchi@example.com"
"r11","reenvio-esposo","2026-09-30 12:20",215,"completa","45 a 59","Sí","4 a 6 veces","Lo compré en un supermercado","No me gusta cocinar; Sale igual o más barato que hacerlo","Más o menos","Muy dulce",9500,"5 a 8","","El mismo día","No","Mi señora se encarga normalmente, yo paso a buscar","Gran Buenos Aires","Otra persona","No",""
"r12","wa-estados","2026-09-30 14:33",288,"completa","30 a 44","Sí","Más de 6 veces","Lo compré en una panadería o pastelería","No tenía tiempo","Más o menos","Pesado o empalagoso; Sobró mucho",31000,"9 a 12","","El día anterior","Sí, varias veces","Me dan miedo los emprendimientos de instagram, una vez me dejaron plantada. La pasteleria es segura aunque no me guste tanto","CABA","Yo","Sí","Daniela Roth, daniela.roth@example.com"
"r13","instagram","2026-09-30 16:10",401,"completa","30 a 44","Sí","4 a 6 veces","Lo hice yo (o alguien de mi casa)","","","","","","Lo comprado no me convence; Sale más rico que comprado","4 días antes o más","No","Tener tiempo de hacerlo sin que se me complique el resto de la comida. Lo comprado me parece muy empalagoso","CABA","Yo","Sí","Sebastián Lugo, sebastian.lugo@example.com"
"r14","instagram","2026-09-30 17:55",31,"descalificada","30 a 44","No","","","","","","","","","","","","","","",""
"r15","trabajo","2026-10-01 09:20",255,"completa","30 a 44","Sí","2 o 3 veces","Lo encargué a un emprendimiento o a alguien que cocina","Comprado queda mejor o más lindo; Otro (era un regalo para mi suegra)","Bastante conforme","Muy caro para lo que era",36000,"5 a 8","","4 días antes o más","Sí, varias veces","","CABA","Yo","No",""
"r16","trabajo","2026-10-01 11:08",198,"completa","18 a 29","Sí","2 o 3 veces","Lo trajo un invitado","","","","","","","No me acuerdo","No","","CABA","Yo","No",""
"r17","wa-estados","2026-10-01 12:45",336,"completa","45 a 59","Sí","4 a 6 veces","Lo compré en una panadería o pastelería","No tenía tiempo; Lo resolví a último momento","Poco conforme","Muy dulce; Poca cantidad",17000,"2 a 4","","El mismo día","No","Acordarme y que me alcance el tiempo. Lo de la dulzura es lo de siempre","CABA","Yo","Sí","Marta Nieto, marta.nieto@example.com"
"r18","reenvio-esposo","2026-10-01 14:00",140,"parcial","45 a 59","Sí","2 o 3 veces","Lo compré en una panadería o pastelería","No me gusta cocinar","Bastante conforme","","","","","","","","","","",""
"r19","reenvio-hermana","2026-10-01 15:30",297,"completa","30 a 44","Sí","Más de 6 veces","Lo compré en un supermercado","Lo resolví a último momento; No tenía tiempo","Poco conforme","Sabor artificial o poco casero; Sobró mucho",13500,"9 a 12","","El mismo día","Sí, una vez","Termino en el super porque es lo unico abierto a ultima hora. Lo que sobra va al freezer y nadie lo toca","Gran Buenos Aires","Yo","Sí","Verónica Salas, veronica.salas@example.com"
"r20","reenvio-hermana","2026-10-01 17:12",262,"completa","30 a 44","Sí","2 o 3 veces","Lo hice yo (o alguien de mi casa)","","","","","","Me gusta cocinar; Sale más barato","2 o 3 días antes","No","","CABA","Yo","No",""
"r21","wa-estados","2026-10-02 09:05",28,"descalificada","60 o más","No","","","","","","","","","","","","","","",""
"r22","instagram","2026-10-02 10:18",410,"completa","30 a 44","Sí","4 a 6 veces","Lo compré en una panadería o pastelería","No tenía tiempo; Comprado queda mejor o más lindo","Más o menos","Pesado o empalagoso; Se veía común, igual a todos",24000,"5 a 8","","2 o 3 días antes","Sí, una vez","Que no haya nada distinto, pasteleria x todos lados lo mismo. Me gustaria algo mas fresco","CABA","Yo","Sí","Tomás Aguirre, tomas.aguirre@example.com"
"r23","instagram","2026-10-02 11:50",175,"completa","30 a 44","Sí","1 vez","Lo trajo un invitado","","","","","","","2 o 3 días antes","Sí, una vez","","CABA","Lo compartimos con otra persona","No",""
"r24","instagram","2026-10-02 13:25",229,"completa","30 a 44","Sí","2 o 3 veces","Lo hice yo (o alguien de mi casa)","","","","","","Es una costumbre o algo que esperan de mí; Me gusta cocinar","El día anterior","No","","CABA","Yo","Sí","Gabriela Pons, gabriela.pons@example.com"
"r25","trabajo","2026-10-02 14:40",248,"completa","30 a 44","Sí","4 a 6 veces","Lo compré en un supermercado","No tenía tiempo; Sale igual o más barato que hacerlo","Bastante conforme","Nada, estuvo bien",10000,"5 a 8","","El mismo día","No","","CABA","Yo","No",""
"r26","trabajo","2026-10-02 15:55",25,"descalificada","18 a 29","No","","","","","","","","","","","","","","",""
"r27","wa-estados","2026-10-02 16:30",190,"completa","45 a 59","Sí","1 vez","No hubo postre","","","","","","","No me acuerdo","No","No es algo que me preocupe, con el cafe alcanza","Gran Buenos Aires","Yo","No",""
"r28","instagram","2026-10-02 17:05",318,"completa","18 a 29","Sí","4 a 6 veces","Lo compré en una panadería o pastelería","No me sale bien o no sé hacer postres; No tenía tiempo","Más o menos","Muy dulce; Muy caro para lo que era",20000,"5 a 8","","El día anterior","Sí, una vez","Hacer algo rico sin que sea una bomba de azucar","CABA","Yo","Sí","Camila Duarte, camila.duarte@example.com"
"r29","reenvio-hermana","2026-10-02 17:30",260,"completa","30 a 44","Sí","Más de 6 veces","Otro","","","","","","","El mismo día","No","Compro helado en la heladeria de la esquina, es lo que usa todo el mundo y no falla","CABA","Yo","No",""
"r30","reenvio-esposo","2026-10-02 17:45",275,"completa","45 a 59","Sí","2 o 3 veces","Lo encargué a un emprendimiento o a alguien que cocina","Comprado queda mejor o más lindo","Muy conforme","Nada, estuvo bien",34000,"9 a 12","","4 días antes o más","Sí, varias veces","","Gran Buenos Aires","Yo","No",""
